,Predicted_Rating
1,4.188592579776579
2,4.1886419420101575
3,4.178648560104191
4,4.195930415081086
5,4.171303652352505
6,4.18895093056348
7,4.191449338222298
8,4.202464207831988
9,4.183359395111802
10,4.190598312318056
11,4.18893779942056
12,4.187322170611039
13,4.185572131663286
14,4.188399623860984
15,4.171000037822288
16,4.189077210567423
17,4.188483718153158
18,4.190445493000573
19,4.18804926896704
20,4.185050363936686
21,4.1888711031349
22,4.186166965495098
23,4.196649491001116
24,4.190349437021916
25,4.188505879105682
26,4.191854056928692
27,4.183554498887174
28,4.185021899007466
29,4.18899679971386
30,4.186122812260004
31,4.171772432166161
32,4.1887601175262805
33,4.157087918460798
34,4.188747964808243
35,4.187918109987294
36,4.188815029318621
37,3.9317913446777633
38,4.173213615618379
39,4.188549429593079
40,4.190433611156097
41,4.189311172962427
42,4.194117670903895
43,4.1850151079771125
44,4.19052084996139
45,4.1883055042151955
46,4.18683805428828
47,4.18868239780314
48,4.187829120433218
49,4.209627155013374
50,4.188746446204281
52,4.189161925812593
53,4.132325371323522
54,4.222034928194188
55,4.106086355349215
56,4.4309029646025335
57,4.190519958671826
58,4.189499934835897
59,4.089204242290639
60,4.1885674053724005
61,4.202336087663023
62,4.192765246580108
63,4.179433151453673
64,4.167061504602915
65,4.182644560945828
66,4.200075951943886
67,4.1416728348779275
68,4.184062316628405
69,4.188730974974697
70,4.187438613690398
71,4.202022751964575
72,4.188203768172653
73,4.188758279615985
74,4.183518032725754
75,4.16784152776477
76,4.1969956107490765
77,4.232400845262233
78,4.212042559864073
79,4.189877737610188
80,4.197035537112194
81,4.187088608397863
82,4.18376118541781
83,4.179284299283238
84,4.429267118410411
85,4.196027901868635
86,4.189746106056298
87,4.170715990010107
88,4.188766974482994
89,4.191831095154315
90,4.201923464390582
92,4.130884340066786
93,4.178341464411117
94,4.1897285122089265
95,4.188133671201119
96,4.206136705099408
97,4.198671966293868
98,4.433852197795692
99,4.15232994868318
100,4.187454287790595
101,4.188133006662217
102,4.1685437195900015
103,4.1147117614708195
104,4.185028642417859
105,4.190695684077628
106,4.169302265782823
107,4.187520031850467
108,4.1491427936282825
110,4.188181999982327
111,4.188979762628629
112,4.188679245283019
113,4.19823076274367
114,4.253769449247276
116,4.210641828982566
117,4.191510674335243
118,4.193867275835605
119,4.173380786588755
120,4.228509433527366
121,4.189686868052468
122,4.180416443228185
123,4.182661816898026
124,4.174632591788469
125,4.189675731568618
126,4.235514331050538
127,5.115951972555747
128,4.188929092234124
129,4.167055009305778
130,3.3123518145081166
131,4.240490009250087
132,4.19374531660436
133,4.129855715871255
134,4.23578771322161
135,4.195536670580345
136,3.832037771244284
137,3.920748218161505
138,5.298350906495498
139,4.558679245283019
140,4.186171123068363
141,4.188180137058238
142,2.4943130480999205
144,4.188411576036845
145,4.186080367804095
146,4.259713894702944
147,4.18836807706092
148,4.189766061917319
149,4.196178998303419
150,4.188539669429502
151,4.187405788820327
152,4.184790790946388
153,4.194504380386725
154,4.185767489637801
155,4.187158829379558
156,4.187948140393716
157,4.160019997593211
158,4.188503206445233
159,4.184813159149122
160,4.190644179983956
161,4.188450468924906
162,4.18893124265235
163,4.188601980296828
164,4.189287039502429
165,4.187431960721249
166,4.192974843774645
167,4.150618584006003
168,4.181373016569222
169,4.14345101329599
170,4.1978314885959165
171,4.19140970506355
172,4.191151661874174
173,4.190756375612224
174,4.1793501674077715
175,4.184852753252066
176,4.185404043680728
177,4.186428292606975
178,4.213371463556974
179,4.126893756870492
180,4.185431522792553
181,4.145176532438792
182,4.1814149704646955
183,4.197904625296734
184,4.206446351284514
185,4.190773079526025
186,4.162177517376001
187,4.1917480871061965
188,4.194317381810758
189,4.194991937455596
190,4.182885115573167
191,4.18475639718063
192,3.809267480577137
193,4.199736644080137
194,4.18551296390277
195,4.18635829989793
196,4.190724251609245
197,4.169137640609605
198,4.188664528969079
199,4.188962395099561
200,4.204218180212516
201,4.198773117783416
202,4.243322216388869
203,4.189602945163906
204,4.183682697195134
205,4.192789918270665
206,4.177270883423672
207,4.187139124755895
208,4.1890819153425545
209,4.197996524837189
210,4.202122800219545
211,4.1826409419540544
212,3.9616984169103717
213,4.191916959177128
214,4.199627732901004
215,4.1788588800147295
216,4.183214087384132
217,4.179436374794971
218,4.188489216303789
219,4.191835528113198
220,4.1789325884120325
222,4.191072827797157
223,4.188274184524082
224,4.201830509994645
225,4.183321263443057
226,2.557100297914598
227,4.195794126786512
228,4.064601837783512
229,4.184918175897724
230,4.189560551719279
231,4.191982434792766
232,4.189944019306051
233,4.189350517701871
234,4.193032767880754
235,4.188128831755868
236,4.181836491373186
237,4.187295254926074
238,4.24705720776411
239,4.189755396789114
240,4.189304665096221
241,4.2016747289498015
242,4.191952558655715
243,3.9601261095695968
244,4.059927475652535
245,4.001943459244822
246,4.189244985145418
247,4.1876905077386475
248,4.188285145483283
249,4.206197394723995
250,4.234641761778075
251,4.217289494263277
252,4.192651773343355
253,4.194208799550116
254,4.227152056982987
255,4.150254469904549
256,4.194520528695928
257,4.190279665509966
258,4.171414449122278
259,4.185341640719575
260,4.18871580791798
261,4.189665839277999
262,4.1845595111351095
263,4.194540410428214
264,4.121735455379774
265,4.18846769972638
266,4.188300824954305
267,4.183938583916306
268,4.192062885391655
269,4.195561190947433
270,4.217831714241326
271,4.197799594047138
272,4.18948713364151
273,4.1831738975747506
274,4.2190898879487655
275,4.154443763682541
276,4.188496637988812
277,4.1883755740782425
278,4.197001114097216
279,4.189112339751411
280,4.190030772284785
281,4.189954034908947
282,4.18885879929325
283,4.182571303801995
286,4.198334417696812
287,3.866345603331018
288,4.189015844786653
289,4.1938828719599535
290,4.189389710398944
291,4.181153210459034
292,4.190257900927687
293,4.188031310400294
294,4.263224992551345
295,4.174331594622377
296,4.188733134734102
297,4.197154287451061
298,4.159954445555617
299,4.184418806117117
300,4.1879199246422365
301,4.192128227258537
302,4.189533662582546
303,4.189902853982399
304,4.189196470462905
305,4.1863484908161945
306,4.1890504066086685
307,4.2080465565725955
308,4.1849345809937075
309,4.187819982086016
310,5.208437907699108
311,4.1804947214734955
312,4.196131994716696
313,4.174452831878773
314,4.189865012709169
315,4.192645096564937
316,4.188911280187714
317,4.190663354281359
318,4.1887314558869715
319,4.18874510646309
320,4.167430363866648
321,4.200294620654614
322,4.189496069843869
324,4.1969651264226
325,4.086890776068927
326,4.190913862783165
327,4.18947088431371
328,4.188386457196429
329,4.1889467124276925
330,4.188402914278302
331,4.195042831886694
332,4.187340023778202
333,4.17476841301248
334,4.1899211700617975
335,4.0877287357972225
336,4.4382180087293595
337,4.187668696450848
338,4.194259618743758
339,4.189137972399263
340,4.192071552806007
341,4.167840599424791
342,4.189270229753556
343,4.173971554946401
344,4.186308358698542
345,4.189285257645886
346,4.19080863031256
347,4.194326091376792
348,4.187503937863749
349,4.188918431660471
350,4.179437427362788
351,4.192186339083211
352,4.1840365580329175
353,4.189693223875274
354,4.197585174141591
355,4.166481058073882
356,4.188679245283019
357,4.188538449912946
358,4.249935196791443
359,4.08093336993032
360,4.211069570704319
361,4.189554178836832
362,4.183152982969188
363,4.191934593967165
364,4.18900141226269
365,4.163349283227287
366,4.192463439183438
367,4.189706057950041
368,4.1882932481904795
369,4.181864931030157
370,4.188071490165139
371,4.187197198691687
372,4.192187463845792
373,4.189226929253453
374,4.158840272675481
375,4.241960357060022
376,4.1870790376317295
377,4.188674143629025
378,4.15066991436206
379,4.189296424815195
380,4.191818839942932
381,4.188679245283019
382,4.188679245283019
383,4.188738141124222
384,4.190611526620976
385,4.213696615691918
386,4.192415938718039
387,4.188844645709347
388,4.191349206321897
389,4.22736745405057
390,4.188679245283019
391,4.1830183930828255
392,4.18878330545457
393,4.21858153440783
394,4.212902388426772
396,4.501085822263587
397,4.188679245283019
398,3.8994859423910864
401,3.903231996089293
402,
404,4.270670331683031
405,4.194935051281311
406,4.148236382318549
407,4.198252331331787
408,4.1991296112074075
409,4.194523881293413
410,4.189299183201205
411,4.149281315987678
412,4.188530266296515
413,4.187518558699699
414,4.168794363545617
415,4.187154743380039
416,4.18293419328047
417,4.186989922763334
418,4.369299476048965
419,4.185615347643386
420,4.18347352488749
421,4.185076749968574
422,4.1914124033081555
423,4.187584655788994
424,4.187680041833112
425,4.183253854556888
426,4.188592344488111
427,4.173377787953759
428,4.192919427851757
429,4.1581671379233915
430,4.189358611551763
431,4.189405123833321
432,4.175053006722056
433,4.189055181710986
434,4.187327473572828
435,4.188661752611594
436,4.186673189795523
437,4.156315192391609
438,4.172749314681979
439,4.452756153754107
440,4.188996015915134
441,4.189144428770778
442,4.1904677783805315
443,4.1923725131905645
444,4.204011130508218
445,4.185656685901794
446,4.189199804633209
447,4.13415054324765
448,4.189346469052466
449,4.18482790260525
450,4.19007315528034
451,4.169275871100355
452,4.199488925852248
453,4.19458127883818
454,4.188683487722469
455,4.170135486772371
456,4.2148706718045394
457,4.1887363055499645
458,4.188874064999946
459,4.18683222938777
460,4.129952156345509
461,4.181253357001196
462,4.169827321608563
463,4.187943251532563
464,4.191116422744767
465,4.216112072081309
466,4.190853370803254
467,4.173030776069548
468,4.187682279058734
469,4.198899337921591
470,4.142408879797597
471,4.188222363403753
472,4.196341857979885
473,4.192241774959057
474,4.188070983424133
475,4.1863927794941205
476,4.2284792623699445
477,4.186264608831764
478,4.100181703523541
479,4.186808745419047
480,4.188762259663992
481,4.188679245283019
482,4.184377702052295
483,4.190264815229617
484,4.189031393728143
485,4.18818114889421
486,4.149871784673946
487,4.193934614440431
488,4.197407927628745
489,4.188133199198481
490,4.187388935696463
491,4.188471773002068
492,4.189530178708263
493,4.187994473785624
494,4.188134507072285
495,4.176170571645069
496,4.204317160178335
497,4.189149930668045
498,4.246971664752426
499,4.1494928227698615
500,4.182340502376487
501,4.1932601078000635
502,4.197944679666398
503,4.153605129573418
504,4.1903102627121624
505,4.168371484549248
506,4.190798756544525
507,4.1884407030897775
508,4.188930281631634
509,4.190722977479143
510,4.139065545789992
511,4.188679245283019
512,4.164499879557963
513,4.18896225694293
514,4.18955166109996
515,4.1872017285867855
516,4.186085264124755
517,4.189409366548314
518,4.1933576717371075
519,4.195136007720558
520,4.192309224345967
521,4.172197248813896
522,4.19060801316739
523,4.190399641933883
524,4.188679245283019
525,4.191930328886789
526,4.457659797021549
527,4.188836007830508
528,4.173868858716815
529,4.189076203034081
530,4.07452586934659
531,4.18663868638868
532,4.185327511567323
533,4.187295118647409
534,4.1896897443806065
535,4.189167551117946
536,4.173112132883152
537,4.160236592260403
538,4.189276048858774
539,4.186684611593846
540,4.187363112336646
541,4.18874367375639
542,4.181786316682941
543,4.188184554826754
544,4.191963440300318
545,5.433123689727464
546,4.189808362009415
547,4.186384612808632
548,4.195713993976301
549,4.1895637600530815
550,4.186578899750825
551,4.187018728677862
552,4.18972925578284
553,4.185763182594484
554,4.260879410915316
555,4.189084996857338
556,4.188096745327947
557,3.350328980823149
558,4.190634455661956
559,4.188679245283019
560,4.02451059188404
561,4.268471626729784
562,4.189659400414523
563,4.180891848346822
564,4.2130436701398795
565,4.183007034989987
566,4.190149953773755
567,4.267385734884369
568,4.180046643400614
569,4.193070469124745
570,4.04152013779482
571,4.196537007310173
572,4.721287647618091
573,4.193670185872353
574,4.190641013835912
575,4.1765325270584155
576,4.196471453075227
577,4.188679245283019
578,3.912172795032888
579,3.4943130480999205
580,4.192849720349827
581,4.188275495245011
582,4.2172792992292285
583,4.16226479270568
584,4.636820991177574
585,4.175808373499837
586,4.188611185507378
587,4.189337878785302
588,4.188707227925924
589,4.18871896464672
590,4.188261024923576
591,3.728539279862649
592,4.188333704730522
593,4.188818840610234
594,4.1861444741303275
595,4.188634740548435
596,4.18940036281992
597,4.186860870019682
598,4.222135177675188
599,4.186364774767076
600,4.130297090573305
601,4.4943130480999205
602,4.2260897696569195
603,4.186970454167482
605,4.194861841743016
606,4.188679245283019
607,4.14217436804288
608,4.188725455793201
609,4.1825113368238425
610,4.189114001112552
611,4.193090131164548
612,4.179735136474075
613,4.144214592291832
614,4.190041684007857
615,4.189117079953473
616,4.189800726406126
617,4.2068284225559465
618,3.837227336227905
619,4.214931433372888
621,4.187518592570451
623,4.192349324571684
624,4.575776019476567
626,4.068080842452683
627,4.184189797343406
628,4.189216770892847
630,3.706891593485248
631,4.148940442122703
632,4.616254831937117
633,4.197522742727035
634,3.268126577520893
635,4.216422205896957
637,4.145114918206095
638,4.198288807976344
639,4.185110605057367
640,4.191065582057385
641,1.8796663697465386
642,5.606589693044214
643,4.188679245283019
644,3.4943130480999205
645,4.195256391239358
647,4.18858216814298
648,4.188662026550232
649,4.232718360402936
650,4.198205262797542
651,3.4943130480999205
652,4.0598879418787766
653,4.189323829313531
655,2.3250428816466555
656,4.102842549958505
657,3.2483989195024017
658,4.406724358064974
659,4.200209541646827
660,2.9329283582487333
661,4.188160720796359
662,4.192612738753688
663,4.189643644486081
664,4.10443303302221
665,4.179630967860557
666,4.702152923314014
667,4.145422231466483
668,4.1930308017763585
669,4.235442445554257
670,4.168266569460624
671,4.18730087545252
672,3.8699597819479545
673,4.179602094090872
674,4.189398891655616
678,4.189752383869328
679,3.9440827397413334
680,4.178522523484948
681,4.1604555134321295
682,4.07661084515145
684,
685,4.111915418140644
687,4.910351165553564
688,4.166338561799098
690,4.625264611136678
691,4.1858436183594465
692,4.199264127950994
694,4.1926756158623375
695,4.184699416467852
696,4.575037258303022
697,4.17582431641055
698,4.211140105319156
700,4.190798886276515
701,4.636820991177574
702,4.187663349069632
703,4.295123509001225
704,4.204490838866127
705,4.1921439124613205
706,3.7179173228468123
707,4.189580754509226
708,4.190699463415316
709,4.189740676537474
710,4.164994483392107
711,4.222179823276928
712,3.7334169013232454
714,4.1839746396042585
715,4.18969002483505
716,4.148086737883421
717,4.299384841390076
718,4.225226812176039
719,4.182212262447192
720,4.189008032595233
722,4.180731344566282
724,4.190355777425675
725,4.173128065530457
726,4.143182579035257
728,4.19013528643697
729,4.545581281259204
730,6.060600427549029
731,4.19444363657743
732,4.258508779488022
733,4.186312224752599
734,3.9283643269746116
735,4.190757931952447
736,4.189269806815856
737,4.189547229424376
741,4.188594396035739
742,4.189939217846874
743,4.186204110817794
744,4.115601723587291
745,4.18619109809307
746,4.08871864327182
747,4.145639060168543
748,4.193275539161375
749,4.154391385035164
750,4.1889649412286944
751,4.126445214124315
753,4.185727134632054
754,4.123628712235455
755,4.202108888144868
756,4.480680912675492
757,4.183901805511401
758,3.060600427549029
759,4.195533257645979
760,4.075613276094036
761,4.188679245283019
762,4.1904099256497895
763,3.636820991177574
764,4.179094313773469
765,4.196963896631259
766,4.242303082977649
767,4.150275921322223
769,4.218386183350214
771,4.086061276593847
774,4.299384841390076
775,4.192331219860555
776,4.175771053626929
778,4.188857167226086
779,4.17234307376952
780,4.189286556722526
781,4.185663182901628
782,4.187875737111781
783,4.186870356308199
784,4.174509539024549
785,4.1912111284494245
786,4.188168995873236
787,3.743525472293464
788,4.188971284710038
789,3.789699436697089
790,4.630168606985147
791,4.258329182284943
792,4.627307404127785
793,4.112996696783853
796,4.344286765462476
798,4.189226993029413
799,4.188679245283019
800,4.188876489579226
801,4.18597458838667
802,4.187824394698875
803,4.194619137200043
804,4.190243193385967
805,4.17362585584526
806,4.177035563016525
807,4.20371486411618
808,4.1945047404951055
809,4.2071998934968535
810,4.213204003813595
811,4.277724713110299
813,4.20926523693881
814,4.2532306676024945
815,4.1452528783770335
818,4.159598633760596
820,4.441391619139905
821,3.090530794968282
823,3.7576868851203384
824,4.198226179075731
826,2.3751199232491214
827,3.7489540458020754
828,4.177001232303362
829,4.187462580740374
830,4.181333290731654
831,4.135103719231414
832,4.188199692935658
833,4.2015291311439675
834,4.0926315880204545
835,4.1997547751959825
836,4.188679245283019
837,4.1886340249456415
838,4.192166615119858
839,4.172087183351452
840,4.177294639305976
841,4.178387363553781
842,4.188389952592021
843,2.487369916314116
844,4.191363832391844
846,4.192527061737194
847,4.021061699518412
848,4.186939820967041
849,4.190894881333339
850,4.2154361860729965
851,4.1911857479706285
852,4.188163694243023
853,4.0211010440580655
854,4.36804640418432
858,4.188726174836018
859,3.4943130480999205
860,4.2014920897137715
861,4.184557205910564
862,4.1994808799924295
863,4.183201557612453
864,4.178711048419859
865,3.3193899051814966
866,4.188890982488875
867,4.116739307219755
868,3.5395564382654756
869,4.186230580729315
870,4.062165086317363
872,
874,4.176041232328035
875,4.054336128660204
876,4.188679245283019
877,4.2585852331462775
878,4.60559767428604
879,4.1897271490354395
880,4.195202873244899
881,4.201902998223151
882,4.1687790331631
884,3.958191138800111
885,4.120394989475582
886,4.183604996503139
887,4.662603005104805
888,4.24565124004147
889,5.96777835369946
891,4.179944281962015
892,4.190611645182113
893,4.191786017141478
895,3.41095203556277
896,4.215628934917385
897,4.194829226948483
898,4.188685026617135
899,4.188853157406667
900,4.187986080494589
901,4.188914268569325
902,4.190296285582903
903,4.18881633368693
904,4.188791456906014
905,4.188656185105924
906,4.18886277369751
907,4.189019217775
908,4.18876163179814
909,4.188049458794137
910,4.188823545663203
911,4.188789657782333
912,4.188898747491258
913,4.189029339402467
914,4.188739773500449
915,4.188771792271497
916,4.189708164573028
917,4.187963519116781
918,4.190462532163483
919,4.188939474811798
920,4.188546638359914
921,4.188646402845263
922,4.189259603887953
923,4.189046382092741
924,4.188901954826378
925,4.19746066329245
926,4.189383540503711
927,4.1891825436828825
928,4.188722263706603
929,4.186152434025556
930,4.188924091064922
931,4.188695889074071
932,4.166140958793686
933,4.18875783190728
934,4.19061788166866
935,4.184439138390489
936,4.188370661739473
937,4.18218973195829
938,4.188892703545281
939,4.233267773764372
940,4.184778152768501
941,4.194236591044645
942,4.188766754704146
943,4.190422574260042
944,4.188173717392051
945,4.18881456851314
946,4.188376106713738
947,4.18751944338544
948,4.183829079521
949,4.18869617033302
950,4.188787039909136
951,4.188758347565692
952,4.188804736616818
953,4.189362013290291
954,4.184480949648213
955,4.188758442391403
956,4.189488365659043
957,4.2888463476651335
958,4.319301653488094
959,4.1887412812085545
960,4.24843482493523
961,4.16407182358964
962,4.165411441809861
963,4.183074941912876
964,4.195083304051944
965,4.188644913502374
966,4.226019979175488
967,4.330767006177725
968,4.18868347085643
969,4.188167480054498
970,4.177961072441489
971,4.1826557694291555
972,4.110895998107181
973,4.188192513764037
974,4.230713977039921
975,5.082032591719713
976,4.182021315054364
977,5.334592936101791
978,4.189961649157729
980,4.00836555789012
981,3.1498972363960895
982,4.185693098935916
984,4.177795551412361
985,4.656141435486985
986,4.189841172666743
987,4.163731897226753
988,4.212655144286701
989,5.583416087388282
990,4.23444112413487
991,4.1902886975382065
992,4.189088614374308
993,4.220282711898875
994,4.18828716148511
996,4.18971556955536
997,4.194034107214379
998,4.177371608011906
999,4.189660188110436
1000,4.220729393867049
1002,4.127257777655517
1003,4.193023275726196
1004,4.186629927143464
1005,4.150362781388719
1006,4.124202534660421
1007,4.194099412172897
1008,4.186267531816328
1009,4.188525842147496
1010,4.193127858863246
1011,4.189941529525164
1012,4.186312337588031
1013,4.187045322439691
1014,4.18659859589679
1015,4.186240661721738
1016,4.185187323946309
1017,4.189930048257758
1018,4.1869715090296316
1019,4.188663720276883
1020,4.192259002208504
1021,4.179848167369879
1022,4.188757039342502
1023,4.187280481739698
1024,4.188350507762731
1025,4.188488403463346
1026,4.434469264884483
1027,4.2034954260529425
1028,4.188717551596148
1029,4.187237675366033
1030,4.189531864619013
1031,4.189695288304462
1032,4.193585103900025
1033,4.189462506549232
1034,4.189517170229472
1035,4.1883194254506035
1036,4.188579079883541
1037,4.190494037785713
1038,4.1422955316568775
1039,3.902293009758193
1040,4.2136407710933605
1041,4.1889246253181085
1042,4.1780137047415655
1043,4.191906746601508
1044,4.248296821979865
1046,4.199205476632735
1047,4.1863540192304445
1049,4.191278990966166
1050,4.193817064677003
1051,4.194588326167663
1053,4.201065040638703
1054,4.184275681136825
1055,4.141325979516822
1056,4.1715920428432245
1057,4.186086132789071
1058,4.200275886923435
1059,4.187928605013669
1060,4.18906513407265
1061,4.189414461249449
1062,3.5925262156779514
1063,4.129148702274249
1064,4.191854176321482
1066,4.187324441514056
1067,4.154699641487511
1068,4.189400494831579
1069,4.170905879868043
1070,4.59090032429034
1071,4.17790811872948
1073,4.188414182696798
1076,4.190059463154157
1077,4.189233640564195
1078,4.188771352713146
1079,4.188297140122479
1080,4.188830183834632
1081,4.188762418303313
1082,4.186327784253775
1083,4.18702859431682
1084,4.180970031314412
1085,4.188349618920504
1086,4.188770753992012
1087,4.22422911568142
1088,4.188733525317795
1089,4.188779004509221
1090,4.188534704075187
1091,4.186202939258405
1092,4.19019203244019
1093,4.1878185102515975
1094,4.189009455154672
1095,4.188603410866941
1096,4.1890637014585
1097,4.188732809083288
1098,3.9349706337572097
1099,4.1853879760329455
1100,4.188065220952196
1101,4.188955087866055
1102,4.470534997332398
1103,4.189035727194967
1104,4.189612233731463
1105,4.209982678478067
1107,4.703184308729179
1111,4.192696464837812
1112,4.194630043476237
1113,4.159617203613017
1114,4.031497397563995
1115,2.4943130480999205
1116,4.202865715629769
1117,4.188679245283019
1118,3.4943130480999205
1119,4.252520870305665
1120,4.1893527080666155
1121,4.135738348831558
1123,4.200049358639264
1124,4.187344056469177
1125,4.189522817506994
1126,4.188590331757885
1127,4.188589325075487
1128,4.187115092667377
1129,4.188963523041323
1130,4.1871816677903135
1131,4.182522721903487
1132,4.185736350728104
1133,2.949263055337474
1134,4.1504881229804385
1135,4.189505557149365
1136,4.188758826033485
1138,4.274138241755029
1139,4.032313900776817
1142,4.193894588099573
1144,4.223329791416292
1145,4.233682969456128
1147,4.187638943759659
1148,4.188718027332675
1149,4.061499790328452
1150,4.191970896249427
1151,4.188969927919547
1152,4.182340813584866
1153,3.834668612932334
1154,4.136921837429156
1160,4.193912662373203
1161,4.164860518460865
1162,4.212235355967911
1163,4.17561508609532
1164,4.527210574167681
1165,1.9426224629486346
1167,4.185479010325416
1168,4.654458627550465
1169,4.213233384951061
1170,3.927904355994464
1171,4.189354995007234
1172,4.188897666878812
1173,4.185793713900489
1174,4.30897102780681
1175,4.192910695269686
1176,4.184231185145822
1177,4.190762881814964
1178,4.195755043647522
1179,4.188809701970006
1180,4.172973089972412
1181,3.9411376331897223
1183,4.188679245283019
1184,4.196772643347287
1185,4.18964204150169
1186,4.189024606558355
1187,4.190789279402799
1188,4.188870437732947
1189,4.190235153954848
1190,4.1902228042980205
1191,4.192447666293712
1192,4.1911654368965126
1193,4.188740718652705
1194,4.194784197404304
1196,4.188629769099344
1197,4.188693389586771
1198,4.188618358967072
1199,4.189121828352462
1200,4.188592911244127
1201,4.187985112752071
1202,4.187812634805623
1203,4.189373795832445
1204,4.1890319728645204
1205,4.185922916882944
1206,4.1887785242824505
1207,4.188697692188382
1208,4.189020613582421
1209,4.189727437035104
1210,4.188543357500286
1211,4.190806692043328
1212,4.189487755195857
1213,4.1887510330819095
1214,4.1887322237411935
1215,4.188084995964559
1216,4.180680822736437
1217,4.188223671104173
1218,4.187778475722366
1219,4.188992628436465
1220,4.188320795452703
1221,4.188742657135665
1222,4.1890118577397795
1223,4.188757733279968
1224,4.1929494513110255
1225,4.188554417120058
1226,4.185861483024546
1227,4.1872574028321194
1228,4.189314541858757
1230,4.188762084706558
1231,4.188005494403417
1232,4.1744116671702285
1233,4.18867143334236
1234,4.188670698329464
1235,4.188863424429131
1236,4.182631743182304
1237,4.190275189338541
1238,4.194787924671864
1240,4.1886043632965055
1241,4.212981292391237
1242,4.188525829827274
1243,4.186466200033897
1244,4.188845554344032
1245,4.189190147503489
1246,4.188438459335122
1247,4.188780700338031
1248,4.188888930783641
1249,4.188838709808131
1250,4.1888037954161765
1251,4.190441317031597
1252,4.188991142790472
1253,4.188898267532263
1254,4.189559385183429
1255,4.188679245283019
1256,4.1920683490083
1257,4.192746546076732
1258,4.188792145237409
1259,4.188585200804505
1260,4.178186696113066
1261,4.187638035571899
1262,4.188920161021264
1263,4.18843793084233
1264,4.189134572579411
1265,4.188732429501853
1266,4.188367742028304
1267,4.188698315116157
1268,4.1898255564676
1269,4.188351297745277
1270,4.18861661584431
1271,4.187525779129253
1272,4.187705843570435
1273,4.189590684325541
1274,4.189304263364554
1275,4.1899233392470006
1276,4.189117420352053
1277,4.187771571286467
1278,4.188786070538145
1279,4.187874637275599
1280,4.189113990716931
1281,4.181629576371544
1282,4.188388660019631
1283,4.188994058700964
1284,4.189115447878023
1285,4.188860545799917
1286,4.189777729026721
1287,4.19265098684851
1288,4.1890786167272
1289,4.185072568098736
1290,4.188471126869446
1291,4.188572795833811
1292,4.187546004992513
1293,4.1879014602157225
1294,4.188792356421632
1295,4.189224390080808
1296,4.187859259848734
1297,4.186869245735596
1298,4.186718108116985
1299,4.188460474126224
1300,4.190042326801373
1301,4.188688556303198
1302,4.188620803276891
1303,4.1830790085926655
1304,4.188699327640425
1305,4.189872785354335
1306,4.1905392039508085
1307,4.188965793671436
1310,4.215898494076107
1311,4.53913053955607
1312,4.2216338205846595
1313,4.2890191329744525
1315,4.249118067953422
1316,4.292127521145088
1317,4.1805495403683945
1320,4.188941130055015
1321,4.188376049042891
1322,4.249770489152675
1323,4.1536478291143455
1324,4.233242861671648
1325,4.274684855210836
1326,4.1666912338690345
1327,4.189329637788678
1328,4.212943907104213
1329,4.188679245283019
1330,4.194732774818048
1331,4.188679245283019
1332,4.191252959203328
1333,4.188840725546558
1334,4.1894123004173975
1335,4.065554296130968
1336,4.183168525344742
1337,4.207071295523483
1339,4.18906176589411
1340,4.186047939577125
1341,4.1820525614711785
1342,4.184339446517073
1343,4.18864701227143
1344,4.1886888771282855
1345,4.18910015512825
1346,4.18840494113025
1347,4.189236200840889
1348,4.186139611641071
1349,4.217047976415689
1350,4.187335185449562
1351,4.087761197939805
1352,4.175562356922778
1353,4.192490388158264
1354,4.189205467859962
1355,4.2127249296671385
1356,4.188874769954773
1357,4.191109344486423
1358,4.188535199346517
1359,4.187354113674051
1360,3.7563083321379938
1361,4.1891382656897775
1362,4.187535322819176
1363,4.178611181802454
1364,4.127179593938084
1365,4.195375904432128
1366,4.235258365775803
1367,4.1743923280413675
1369,4.3070389109689975
1370,4.188900431624045
1371,4.189768903777219
1372,4.189856288724729
1373,4.188370172720124
1374,4.1887632561046635
1375,4.188998561603317
1376,4.18823641902643
1377,4.1930540640686225
1378,4.188187550481816
1379,4.192066267690294
1380,4.188725391613008
1381,4.186624077458714
1382,4.181530702931627
1383,4.159704423161874
1384,4.255952871764806
1385,4.188159183205255
1386,2.4943130480999205
1387,4.188679245283019
1388,4.187234398324939
1389,4.183042541665016
1390,4.188845077206381
1391,4.18973961878357
1392,4.190963456947374
1393,4.189544762433912
1394,4.1885540049361225
1395,4.19314513747812
1396,4.188939824136992
1397,4.178531898754589
1398,4.166496518249873
1399,4.202059183910583
1401,4.1937480171393995
1404,4.187828140699498
1405,4.1893777189975685
1406,4.197581546521463
1407,4.188669868305301
1408,4.188937087743001
1409,4.192110256282169
1410,4.185026900532063
1411,4.189168707504357
1412,4.150043653189315
1413,4.174048698359089
1414,4.179258581169617
1415,4.1837611096799705
1416,4.188826883664866
1417,4.218919552045864
1419,4.187420448898721
1420,4.23401327740958
1421,4.12554003467227
1422,4.187879942579147
1423,4.123828126745322
1425,4.186306770081291
1426,4.074743329376158
1427,4.214962829603591
1428,4.17462922741696
1429,4.191459560838301
1430,1.468284508440914
1431,4.167268937763515
1432,4.197011409113168
1433,4.450529481851896
1434,4.657314312784631
1436,4.177066583515912
1437,4.196406712250877
1438,4.197065485672861
1439,4.126507192080309
1440,4.188053050504552
1441,4.187938203698637
1442,4.112960182741929
1444,4.20315468874349
1445,4.1847991306299415
1446,4.189773615338768
1447,4.174743168190743
1449,4.188255106115557
1450,4.187537524019543
1453,4.174372892198618
1454,4.208404858097428
1455,4.189481416112257
1456,4.177006170084451
1457,4.182917395582018
1458,4.24957701887409
1459,4.189380376828252
1460,4.191555868305503
1461,4.187433711898854
1463,4.249037888847878
1464,4.170728263468656
1465,4.190563215450782
1466,4.190250164138092
1468,4.236022605456172
1470,3.9099746329179554
1471,3.660382674815067
1472,4.187709612616009
1473,4.197540241527042
1474,4.184962225788075
1475,4.1908087846209945
1476,4.189279338070627
1477,4.397075358793876
1479,4.188105846492852
1480,4.193347541096071
1482,4.1920853232321775
1483,4.170945263145991
1484,4.179992315042794
1485,4.188265256795774
1486,4.191800975903512
1487,4.188399395319277
1488,4.190412029560338
1489,4.255939338802438
1490,4.1662215201387065
1493,4.122090702969292
1494,3.9991039931989762
1495,4.129973404875513
1496,4.176928600052097
1497,4.200513331154269
1498,4.189903189602682
1499,4.18507637996336
1500,4.188924760326144
1501,3.9923549032915497
1502,4.384424505502314
1503,4.155501942852244
1504,4.126231906112319
1507,4.185891750096418
1508,4.048099801880959
1509,4.212942203249943
1510,3.9171138121343683
1511,4.204434530431759
1513,4.189012757906487
1514,4.118344339005941
1515,4.187188916148478
1516,4.195178449426556
1517,4.19248311005104
1518,4.191879381961494
1519,4.332443913531142
1520,4.2815501085393075
1522,3.9416613463414647
1523,4.177147812018333
1525,4.17591303324
1526,4.218512504236201
1527,4.188861642045101
1528,4.707933064436324
1529,4.178070132392672
1531,4.10247814920296
1532,4.249812541912547
1533,4.186638274416033
1534,4.235612277381444
1535,4.187743101700343
1537,4.190026636216757
1538,4.500755466386126
1539,4.0589695029332145
1541,4.182738396927346
1542,4.190013187551187
1543,4.1414215456678365
1544,4.188867776955321
1545,4.199704567334259
1546,4.1946063280798755
1547,4.156123374666302
1548,3.854255235335844
1549,4.188528715987157
1550,4.201968654079154
1551,4.16826019837378
1552,4.188440984142663
1553,4.306122945897008
1554,4.184869375534105
1555,4.902181823117963
1556,4.18219070223212
1558,3.6625866017391315
1561,4.1955083140576015
1562,4.188679245283019
1563,4.193153892937743
1564,4.18153551707662
1565,4.346132971651305
1566,4.18903004434661
1567,4.236206164776796
1569,4.1878828689192185
1570,4.1150351305703206
1571,4.193286376024944
1572,4.194717438061559
1573,4.1886734820935665
1574,4.1620115918365785
1575,4.208286006272878
1579,4.92941998602376
1580,4.1890741274723755
1581,4.112334272951753
1582,4.193751374572586
1583,4.193292947661517
1584,4.188681745070362
1585,4.181455968841751
1586,4.201622363225961
1587,4.1872643403868475
1588,4.18928956761175
1589,4.188710084760229
1590,4.192646730954682
1591,4.177986075491704
1592,4.158911047074422
1593,4.179248584413565
1594,4.1880706471420295
1595,4.101833656873422
1596,4.187019057075433
1597,4.189667900879213
1598,4.178997429439789
1599,4.211694553632565
1600,4.1807275407432
1601,4.1865042154584815
1602,4.09081501303118
1603,4.175537932676826
1604,4.199762572161799
1605,4.207029154600454
1606,4.188177724564067
1608,4.192640164255647
1609,4.191624100425983
1610,4.188674200585759
1611,4.19931681137227
1612,4.2066655241720055
1613,4.138372544329137
1614,4.200965029980268
1615,4.188679245283019
1616,4.1880784844778844
1617,4.188725224106184
1619,4.189470016192769
1620,4.186303054273809
1621,4.192629258414511
1622,3.636821972264726
1623,4.195807985162848
1624,4.198528909092385
1625,4.18999486151059
1626,4.194955611076799
1627,4.187714035978993
1629,4.192350555637197
1630,3.4943130480999205
1631,4.1708920143540755
1632,4.156217898500852
1633,4.189223659910578
1635,4.188943669942362
1636,4.331447132948009
1639,4.188000589220153
1640,4.264184119188127
1641,4.1887900308511785
1642,4.193225812536176
1643,4.186364501202287
1644,4.191836251568474
1645,4.18945113741013
1646,4.1265492704654045
1647,4.174425570950106
1648,4.182266540862952
1649,4.190973640604689
1650,4.194521214633871
1651,4.059071233827394
1652,4.0714051159245175
1653,4.188671137141721
1654,4.207509160854901
1655,4.1957348982945435
1656,4.191956583950352
1657,4.1575172258282915
1658,4.19464740294144
1659,4.166454312068947
1660,4.188425081505329
1661,4.18333985057288
1662,4.181563848140326
1663,4.18792534266987
1664,4.1867004488058015
1665,4.181556562529209
1666,4.149600296041941
1667,4.186562598589114
1668,4.170798670950051
1669,4.157884862694221
1670,4.187194375314977
1671,4.141954201014863
1672,4.187862633156506
1673,4.188785667038099
1674,4.188804280830353
1675,4.2013938994001
1676,4.188894706882953
1677,4.166412438001045
1678,4.189289124481708
1679,4.091400078457088
1680,4.188758744566761
1681,4.19284908876056
1682,4.189982985357745
1683,4.189929015902594
1684,4.187958795986327
1685,4.3195658780562844
1686,4.190165448204775
1687,4.187971225514776
1688,4.179804601268669
1689,4.220087242349359
1690,4.188995286447034
1692,4.161619141245311
1693,4.1885690006052565
1694,4.188318984926172
1695,4.199746581686479
1696,4.248566411660308
1699,4.187439406134213
1701,4.189406708556056
1702,4.181860117878614
1703,4.178372403181546
1704,4.188570259533809
1707,4.155558291570201
1709,5.443224699828473
1711,4.189116000585083
1713,4.162917570694694
1714,6.132800316295825
1715,4.488333936219879
1717,4.192057419209175
1718,4.027016726963535
1719,4.189846563840482
1720,3.996842408391738
1721,4.188312402582685
1722,4.188999208439082
1724,3.64560808423433
1725,4.207290533851749
1726,4.223115933299834
1727,4.164662571053496
1728,4.161204706328326
1729,4.187795932055261
1730,4.183936977601808
1731,4.106641157348938
1732,4.188682345893848
1733,4.188206496860819
1734,4.186178115395385
1735,4.189774956460239
1739,4.249611173478209
1741,4.120432475438965
1743,4.281377046912026
1744,4.188679245283019
1746,4.188217968491071
1747,4.193834669971907
1748,4.187053783559505
1749,4.151440166891727
1750,4.18862973161774
1752,4.188753469605997
1753,4.181684453404177
1754,4.1885898008263505
1755,4.2289226053353595
1756,4.158693846412663
1758,4.18203814491439
1759,4.192732074686335
1760,4.1570982159440915
1762,4.196532910339578
1764,4.4943130480999205
1767,4.204554485741596
1769,4.187925454632968
1770,4.198463465840602
1771,4.183767801543377
1772,4.187615041301021
1773,4.50691440753981
1777,4.190098288920793
1779,4.19071670821178
1780,4.025066967493307
1782,4.025293763504491
1783,4.19319091995229
1784,4.188560766535663
1785,4.190109230939987
1787,4.3590280890031625
1788,4.1825851652870485
1791,4.1877369202631645
1792,4.186519152134634
1793,4.107084777770299
1794,4.190566804623475
1795,4.525349453238051
1796,4.909484294022481
1797,4.184500124513262
1798,4.161828429089335
1799,4.1872793738450715
1801,4.175203176948079
1804,4.184728195355362
1805,4.188312321828761
1806,4.158791060660431
1807,4.199721033820144
1809,4.173102403532771
1810,4.189545384790895
1811,4.2063682463779
1812,4.190214840300847
1814,4.2150652977542995
1815,6.147862918752407
1816,4.190595805368403
1817,4.162448495739361
1820,2.636820991177574
1821,4.1869344992625415
1822,3.999525111232784
1824,4.186969797803174
1825,4.238745051674764
1826,4.2281637869040365
1827,4.1731854603936425
1829,4.193330964359473
1830,2.9159519725557463
1831,4.190365043982861
1832,4.58867924528302
1833,4.18778678376196
1834,4.188954930467163
1835,4.1878788617928215
1836,4.192191049405331
1837,4.172486155854033
1839,4.111747207006622
1840,4.186547004873373
1841,4.188262339800743
1842,4.225513838003575
1843,4.531536388140163
1844,4.2042009974971934
1845,4.188519079257361
1846,4.252655131647832
1848,4.187296778544399
1849,4.3105406966130735
1850,4.241583743704332
1851,4.048976508927414
1852,3.4943130480999205
1853,4.211848090399898
1854,4.180350361377006
1855,4.135630405198433
1856,4.186442613962773
1857,4.192693444604404
1858,4.190474575583545
1859,4.173923092000315
1860,4.170822488905326
1861,4.127114193366754
1862,4.198190104975854
1863,4.157838206780387
1864,4.183225554355909
1865,4.189376940858941
1866,4.191637257063597
1867,4.142019446633145
1868,4.188679245283019
1869,4.152337249142421
1870,4.252296635260794
1871,4.08008347447634
1872,4.219977061457581
1873,4.1887563640170145
1874,4.201659390243252
1875,4.187210165978184
1876,4.188959013286135
1877,4.060182130943111
1878,4.171910633581117
1879,4.156284202295401
1880,4.187456059514033
1881,4.177532905766922
1882,4.188613603206519
1883,4.187677674570743
1884,4.167482061938117
1885,4.189158879777626
1886,3.9092808715157057
1887,4.137499673020232
1888,4.194234196349546
1889,4.197181547983042
1890,5.408342386173087
1891,3.84949670296869
1892,4.190360906852396
1893,4.206438912453318
1894,4.190210122882515
1895,4.181169044088823
1896,4.169286786134591
1897,4.190977068565525
1898,4.213402952101168
1899,4.160303791508954
1900,4.196045082009131
1901,3.7822810444685437
1902,4.191191669773903
1903,3.970159439193341
1904,4.229028104286474
1905,4.131155206590061
1906,4.190915481969668
1907,4.187022677553025
1908,4.4943130480999205
1909,4.188670593466841
1910,4.1967960383015255
1911,4.192114647991057
1912,4.188498834719027
1913,4.184607583580099
1914,4.186966285105929
1915,4.753896636587367
1916,4.189461793941861
1917,4.1896756465402465
1918,4.190416868774391
1919,4.187052530047173
1920,4.184781310459072
1921,4.188885769317597
1922,4.1975089121861835
1923,4.190210759382127
1924,4.186205332294322
1925,4.167847855013614
1926,4.1934040482074835
1927,4.188242308501638
1928,4.222966541133766
1929,4.193786653411605
1930,4.257912731639038
1931,4.1858062209411555
1932,4.205576186718186
1933,4.215955852895924
1934,4.194082628953817
1935,4.187534332927408
1936,4.2021144741117435
1937,4.222748444249495
1938,4.188709397888064
1939,4.188695212787361
1940,4.188723272463159
1941,4.188714921811472
1942,4.189991157397519
1943,4.185072458252003
1944,4.187039520746612
1945,4.189508013769259
1946,4.188083640294887
1947,4.1888637718632715
1948,4.188447111367094
1949,4.18863294471077
1950,4.188652369847069
1951,4.188858175055878
1952,4.189320229773106
1953,4.188682980536534
1954,4.188523319767038
1955,4.189317427661342
1956,4.188686709054345
1957,4.18764929024667
1958,4.187216066296782
1959,4.186549727160781
1960,4.188882919639786
1961,4.188769013936626
1962,4.188374748159063
1963,4.189222570907222
1964,4.1887778766122725
1965,4.188833442375878
1966,4.189372986372586
1967,4.187761298980792
1968,4.188290324453807
1969,4.181639747858015
1970,4.190930043645718
1971,4.187596617670523
1972,4.179092774198541
1973,4.191075865492634
1974,4.1863207112975145
1975,4.18453613188571
1976,4.179281926014912
1977,4.178526402739812
1978,4.172297665805459
1979,4.171344852784348
1980,4.168825067966655
1981,4.168148925796133
1982,4.179151693235781
1983,4.182611644775589
1984,4.188679245283019
1985,4.186779046635332
1986,4.18671259474313
1987,4.175345893432976
1988,4.146892816279846
1989,4.202471199719524
1990,4.118900970723093
1991,4.185575701664844
1992,4.175384145759958
1993,4.1717989484314195
1994,4.188683621159492
1995,4.181750871748743
1996,4.178740112787892
1997,4.188112383319255
1998,4.1718673929324135
1999,4.186697904028511
2000,4.188839015087735
2001,4.188947530560153
2002,4.1901077252166
2003,4.187607774490144
2004,4.175025026808855
2005,4.189239596480075
2006,4.189188496950421
2007,4.16176872529478
2008,4.078998191965763
2009,4.1871577425801245
2010,4.189669484916235
2011,4.188797543970533
2012,4.188909799331037
2013,4.189063141806016
2014,4.150414591341446
2015,4.188578010282783
2016,4.194729898501938
2017,4.166348842821707
2018,4.18527522174199
2019,4.189304950566859
2020,4.188451764037757
2021,4.188446685599311
2022,4.190534826535881
2023,4.188412977027448
2024,4.1840053984594165
2025,4.185334928542875
2026,4.178946139560209
2027,4.195473144739229
2028,4.188812608149809
2029,4.1812688847832655
2031,4.089769615444873
2032,4.12608740943293
2033,4.1907534299496545
2034,4.189771199831107
2035,4.162244280459019
2036,4.130223247677028
2037,4.235799492664877
2038,4.190167055151792
2039,5.434234800838575
2040,4.1883316995716084
2041,4.190730474234587
2042,4.157625660691413
2043,4.187055441763603
2044,4.165793047683918
2045,4.175634996739035
2046,4.196469938991837
2047,4.186654699317252
2048,4.191815214009534
2049,4.170765814110486
2050,4.122398900163874
2051,4.1861840076015735
2052,4.180245486692314
2053,4.191803088966206
2054,4.188957408883537
2055,4.1947370083985485
2056,4.181106505987946
2057,4.218218345676866
2058,4.190088445927645
2059,4.167575855464816
2060,4.170242889882594
2061,4.1905439307441075
2062,4.185044851233976
2063,4.176379077240094
2064,4.188683854184132
2065,4.188657908754708
2066,4.2009778381123
2067,4.188736131028134
2068,4.189852925087366
2069,4.183846282972014
2070,4.189105554670553
2071,4.190398455149358
2072,4.18776034337989
2073,4.194007746083986
2074,4.160481070640999
2075,4.18145692105172
2076,4.18931410278594
2077,4.190892190043172
2078,4.190318090628867
2079,4.156204546556647
2080,4.188724596779431
2081,4.188990583541395
2082,4.174230311663468
2083,4.187505926201257
2084,4.230050971811485
2085,4.187371776175878
2086,4.1887869203572885
2087,4.188196220626697
2088,4.189100991618884
2089,4.190176827050087
2090,4.190122666541538
2091,4.195346330970555
2092,4.184771720221869
2093,4.1897672326869895
2094,4.189047112934968
2095,4.157291857534937
2096,4.188763109704103
2097,4.1899156617996605
2098,4.184787356926937
2099,4.1872997874202
2100,4.188796445658235
2101,4.314208731467606
2102,4.184930578771822
2103,4.14987169753236
2104,4.195835848128197
2105,4.188980408723487
2106,4.185938395690805
2107,4.1827883826439285
2108,4.1890492015226135
2109,4.191014247927619
2110,4.187893542078715
2111,4.185839037177146
2112,4.186445503309971
2113,4.191311327263828
2114,4.1899907176766895
2115,4.189775485221232
2116,4.19076446679342
2117,4.186348235528721
2118,4.188688721671669
2119,4.190441290528911
2120,4.188679245283019
2121,4.188484739085801
2122,4.1793508840359515
2123,4.190623244746043
2124,4.18908853669272
2125,4.187007626330951
2126,4.189674577980645
2127,4.010469251098207
2128,4.1128719496722335
2129,4.513223506645143
2130,4.189524799731568
2131,4.201490392211202
2132,4.188645101496566
2133,4.192292328828595
2134,4.186804382922204
2135,4.18748748286719
2136,4.187479680611168
2137,4.1893525713340765
2138,4.1885942371239535
2139,4.186636854195089
2140,4.1877117532774815
2141,4.188561792646847
2142,4.169606074211839
2143,4.189943319150463
2144,4.189132833098774
2145,4.188262313588169
2146,4.186011731214743
2147,4.186910055467668
2148,4.181339903783295
2149,4.193777553702328
2150,4.188389377156771
2151,4.167055768706541
2152,4.203708693458791
2153,4.188679245283019
2154,4.180183110767404
2155,4.189800416990484
2156,4.048903312604714
2157,4.206141533795952
2158,4.0906651357624355
2159,4.186278306730353
2160,4.188697517924988
2161,4.1879759479138965
2162,4.174063006609901
2163,4.185142733313256
2164,4.2063105420077
2165,4.183547047513103
2166,4.187739766708446
2167,4.189960319553019
2168,4.192327421605457
2169,4.19242491742887
2170,4.186223064160294
2171,4.1876378897608335
2172,4.1946220575235875
2173,4.190906809924182
2174,4.188511251755568
2175,4.1874032663008425
2176,4.188535959034559
2177,4.189391270795738
2178,4.18872526371733
2179,4.190076488203678
2180,4.204512378648321
2181,4.188598823485396
2182,4.187393022342348
2183,4.188611718619131
2184,4.193007268890879
2185,4.135839476785137
2186,4.18868592116139
2187,4.190341842814791
2188,4.1914386587372245
2189,4.204417753569107
2190,4.187894838416977
2191,4.252843340616589
2192,4.251076994200677
2193,4.188645175247705
2194,4.189223254429752
2195,4.183683191708953
2196,4.136437486985663
2197,4.2464334022854295
2198,5.6139800705350495
2200,4.2690234159496905
2201,4.15878579650382
2202,4.1895029022908155
2203,4.179104658878266
2204,4.184864354604078
2205,4.213129993675172
2206,4.188874158370504
2207,4.440259562009546
2208,4.188822418740031
2209,4.124293651134296
2210,4.181308983623813
2211,4.152743685311225
2212,4.185504845513885
2213,2.855345911949686
2214,3.636820991177574
2215,4.187018020600919
2217,2.855345911949686
2218,2.1183667452830193
2219,4.405845659893615
2221,4.194606004315302
2223,4.027670992539407
2226,4.965183543277289
2227,4.189860028114863
2231,4.192140471441299
2232,4.187696685574824
2233,3.924239738382341
2234,4.215936495682291
2235,3.4943130480999205
2236,4.188747845962584
2237,4.194488168684042
2238,4.188570137453967
2239,4.188586584257401
2240,4.188474043395754
2241,4.181721990287311
2242,5.4066916532809675
2243,4.188666956701989
2244,3.8135392048077503
2245,4.1893268101816545
2246,4.002224206102794
2247,4.189492040439813
2248,4.188469043569102
2249,4.183947223860019
2250,4.181316923386155
2251,4.189017260658653
2252,4.182801726880461
2253,4.18861121079152
2254,4.964720911949685
2255,4.168538361329129
2256,4.150221150896797
2257,4.210332491169483
2258,4.161658772894379
2259,4.188471659638532
2260,4.187688792754681
2261,4.186702412547375
2262,4.192637545853936
2263,4.186879664454909
2264,4.175493692699501
2265,4.19215909735203
2266,4.235981643020181
2267,4.159930152673896
2268,4.188450229755255
2269,4.1815563856474025
2271,4.187522356604282
2272,4.199755850023001
2273,4.18913463498671
2275,4.1587323346751495
2276,4.199391432567094
2277,3.4943130480999205
2278,4.190101236422217
2279,4.180178599868933
2280,4.18814402351314
2281,4.375139080559848
2282,4.1895746962385365
2283,4.183750743334497
2284,4.180766175499949
2285,4.192458606979069
2286,4.1677427330480175
2287,4.188691181399438
2288,4.188683278479543
2289,4.18911046477738
2290,4.188332271915463
2291,4.188275768238092
2292,4.152380390604208
2293,4.135545772240575
2294,4.187511667299909
2295,4.187971747785226
2296,4.197702593362275
2297,4.187623212780117
2298,4.125374488503502
2299,4.2363514905167445
2300,4.189355175920799
2301,4.189099893678594
2302,4.189798677810291
2303,4.189946356023613
2304,4.18022845102006
2305,4.187806681097843
2306,4.18575939502626
2307,4.193748069281496
2308,5.448521764968058
2309,4.110488161349382
2310,4.190040272095685
2311,4.19124968011875
2312,4.188077759197169
2313,4.187247145474186
2314,4.186576254356398
2315,4.187065611902992
2316,4.186966160496313
2317,4.302757916445854
2318,4.183979442836976
2320,4.189414774033094
2321,4.188078822297481
2322,4.188679245283019
2323,4.235239348331719
2324,4.188527761812656
2325,4.187593199318362
2326,4.306782395466488
2327,4.188679245283019
2328,4.19233988974971
2329,4.187647811048996
2330,4.181898007203692
2331,4.190451649425961
2332,4.426780277829279
2333,4.187642785168248
2334,4.2007284512573175
2335,4.191709219231938
2336,4.188076220232411
2337,4.198090340978
2338,4.188538677701393
2339,4.195638974915816
2340,4.1895356607783745
2341,4.196167170440209
2342,4.188918386536754
2343,4.188679245283019
2344,4.189543536294858
2345,4.1875994852907406
2346,4.18857493403469
2347,4.188247240138045
2348,4.1868500879613695
2349,4.189565353086692
2350,4.135829453866427
2351,4.190178702078806
2352,4.191404135648727
2353,4.188670247596059
2354,4.178716188379739
2355,4.188324042560186
2356,4.1856229272838235
2357,4.190755860962637
2358,4.216112402559694
2359,4.190414290929919
2360,4.191479537412249
2361,4.188527951120027
2362,4.194041718880786
2363,4.188613374237533
2364,4.190920046742071
2365,4.186886414022222
2366,4.188467569762133
2367,4.1885514172122
2368,4.1527417096963015
2369,4.188488419965941
2370,4.190848974824323
2371,4.186889499091075
2372,4.187391021410408
2373,4.185365735152095
2374,4.188464150705147
2375,4.187976509417821
2376,4.1869209279980995
2377,4.190155168336709
2378,4.186452292443444
2379,4.193900830130238
2380,4.179455770969702
2381,4.182075980769898
2382,4.181145720968636
2383,4.188812517257106
2384,4.188926768902061
2385,4.191130525121035
2386,4.183030973440783
2387,4.165692102377049
2388,4.1861559851885985
2389,4.187714595718218
2390,4.189468327867528
2391,4.188850550825923
2392,4.1976147874511325
2393,4.189014213394812
2394,4.188418141211156
2395,4.188780744826629
2396,4.188613812047478
2397,4.176276286985711
2398,4.18855056942091
2399,4.187453119233779
2400,4.1894207007602775
2401,4.1868625272980236
2402,4.186630106606763
2403,4.174351563021234
2404,4.186302499723561
2405,4.188611976126901
2406,4.18865632722772
2407,4.188160138755098
2408,4.185285586838463
2409,4.1893627077775175
2410,4.1863181914052845
2411,4.186274244475647
2412,4.170042048979761
2413,4.187975353594909
2414,4.187932081813582
2415,4.150282438323826
2416,4.188679245283019
2417,4.1848706860275176
2418,4.186427256167447
2419,4.192715882140869
2420,4.189336002647193
2421,4.186804356389486
2422,4.189353012079871
2423,4.19269620629605
2424,4.188315556179983
2425,4.176049233358866
2426,4.177631380471389
2427,4.1879605409177145
2428,4.1904943713947835
2429,4.1870694820083285
2430,4.190825491235096
2431,4.1981662749009425
2432,4.174880331610304
2433,4.189047117048272
2434,4.204983300832277
2435,4.158264488450555
2436,4.192740629896129
2437,4.187655409188875
2438,4.547169811320755
2439,4.189325201893811
2440,4.182827210508677
2441,4.231440740818224
2442,4.190535249583529
2443,4.194068594125558
2444,4.132738393906425
2445,4.1847904295139005
2446,4.170627020285703
2447,4.177807375620036
2448,4.167720876537287
2449,4.071007485015038
2450,4.194053693273463
2451,4.188305402001992
2452,4.11759567152567
2453,4.183281428231281
2454,4.189161168271889
2455,4.188535462496233
2456,4.186314292057026
2457,4.1887506967647035
2458,4.1916423128965565
2459,4.187377559547739
2460,4.179180478597702
2461,4.187257261546501
2462,4.185103338936819
2463,4.187485105679227
2464,4.048483704536358
2465,4.131154558301512
2466,4.082456066114768
2467,4.186537066101162
2468,4.1871811400791
2469,4.188590102168569
2470,4.189011233026317
2471,4.186517681516848
2472,4.205725244676493
2473,4.187083749503085
2474,4.1895063877417655
2475,4.186961898471885
2476,4.185278017681662
2477,4.166708360351472
2478,4.187738921601232
2479,4.187541225646615
2480,3.555345911949686
2481,4.2247973319086025
2482,4.156407183298334
2483,4.214110742423458
2484,3.4943130480999205
2485,4.191328009367505
2486,4.200110521473713
2487,4.206772849683754
2488,4.185199984763119
2490,4.187943432920393
2491,4.1994752195021725
2492,4.201628825865598
2493,4.3427081764334465
2494,4.185505470997299
2495,4.19847787646198
2496,4.1907804545410965
2497,4.201284037652604
2498,4.1785448358931
2499,4.189840848086134
2500,4.1815817565306075
2501,4.1886851846112885
2502,4.188984309016283
2503,4.260023639472503
2504,4.187204663913391
2505,4.187762081002189
2506,4.187599286828137
2507,4.188138970910857
2509,3.9640699922874445
2510,4.442760042182782
2511,4.193963434044318
2512,4.221305848901518
2513,4.186179954210572
2514,4.18346187942083
2515,4.1596015960275565
2516,4.230160053370184
2517,4.187617196958738
2518,4.1897522891044465
2519,4.190958824927342
2520,4.146301531698464
2521,4.186319836318282
2522,4.183940146973393
2523,4.199531876457041
2524,4.159220615026852
2525,4.194194815181758
2526,4.166800582034009
2527,4.188703123012861
2528,4.1891458804599
2529,4.188671694369118
2530,4.19199191039867
2531,4.192597101831895
2532,4.191965999858416
2533,4.18929328132806
2534,4.1602500892665475
2535,4.18657761543164
2536,4.041294365279594
2537,4.175643873426405
2538,4.146131373438922
2539,4.1881478363392635
2540,4.183987281895894
2541,4.190542104027333
2542,4.187623879934875
2543,4.291847281488008
2544,4.2916751416147685
2545,4.243668216252212
2546,4.194349381210941
2548,4.195606718087702
2549,4.190699859088008
2550,4.195709127967811
2551,4.189774821950255
2552,4.099642573930192
2553,4.189655052080375
2554,4.188421245098062
2555,4.199039749857005
2556,4.7041186752117605
2557,4.143162661244592
2558,4.1884915612907125
2559,4.1723992279994055
2560,4.190089528504069
2561,4.18703088948146
2562,4.213172651496269
2563,3.526601648286774
2565,4.187882056993685
2566,4.09961508533532
2567,4.188528790528282
2568,4.176834004082543
2569,4.247461322130326
2570,4.1911631592095695
2571,4.1887212256789494
2572,4.19018635598964
2573,4.193794881481147
2574,4.198746884610908
2575,4.18949169694963
2576,3.6617017702429724
2577,4.096270821068428
2578,4.192237767213612
2579,4.188679245283019
2580,4.188844269908404
2581,4.189095252806291
2582,4.2291779234426015
2583,4.169298241571051
2584,4.4943130480999205
2585,4.1876796965164855
2586,4.113662235842214
2587,4.177397230071073
2589,4.149482767248542
2590,4.182979209691954
2591,4.159267480577137
2592,4.134257476575536
2593,4.1924214078252025
2594,4.194072649851548
2596,4.1885417330280355
2597,4.191194687664069
2598,4.190692307175572
2599,4.188939953862297
2600,4.191082816937251
2602,3.6451882246630207
2605,4.189963261669539
2606,4.1847684652639385
2607,4.124928638962912
2608,4.1423631680299176
2609,4.177724870586992
2610,4.190507932170503
2611,4.190631711106275
2612,4.191955898779809
2613,4.189691336859799
2614,4.149261618876554
2615,4.1885196279717976
2616,4.188607949369406
2617,4.188407566899463
2618,4.193173298648471
2619,3.386559103940263
2620,4.195336119910401
2621,4.1914592570309495
2622,4.188079725285208
2623,4.23215675722537
2624,4.192435679541616
2625,4.192638117120972
2626,4.197612302721849
2627,4.166945200784743
2628,4.189455288926129
2629,4.190666569631935
2630,4.19427346016612
2631,4.18560957249979
2632,4.5512952973510235
2633,4.187390274947317
2634,4.202159803422715
2635,4.151389617893618
2636,4.188679245283019
2637,4.181866917524132
2638,4.182959746515144
2639,4.190540067228572
2640,4.188682302036441
2641,4.188048189827775
2642,4.191276671397789
2643,4.195904371448364
2644,4.186230873188273
2645,4.192290828021219
2646,4.182940044960726
2647,4.184799371401262
2648,4.188971881846764
2649,4.185549501239277
2650,4.182788509232115
2651,4.167449106190869
2652,4.14175808337233
2653,4.183667993076535
2654,4.187056862729771
2655,4.188679245283019
2656,4.238660358727639
2657,4.188657461104496
2658,4.194545230134219
2659,4.177496214582527
2660,4.184612443551024
2661,4.181085801894091
2662,4.188707489002138
2663,4.190251875089801
2664,4.188857419659421
2665,4.185194718418757
2666,4.219733261625693
2667,4.132758357372174
2668,4.192717728162637
2669,4.187889454686096
2670,4.177331521241503
2671,4.187993524898963
2672,4.193511728331388
2673,4.422098330351026
2674,4.183884633564416
2675,4.019114238388412
2676,4.194839790767933
2677,4.197488667876668
2678,4.197889430946476
2679,4.535055449304909
2681,4.167460895726962
2682,4.186222953194335
2683,4.188839715799609
2685,4.772013836370356
2686,4.186328102695452
2687,4.184341294258228
2688,4.182908357272556
2689,4.222548117848899
2690,4.184733196565188
2691,4.242438351643129
2692,4.188793370109918
2693,4.18116840502132
2694,4.1909004238480785
2695,4.0335629670077315
2696,4.188146897748534
2697,4.196121298293621
2699,4.189409402112452
2700,4.188679245283019
2701,4.190734134554051
2702,4.187220312112053
2703,3.3815120097881386
2704,4.187477650551177
2705,4.153018250238359
2706,4.189382285644004
2707,4.190200922198527
2708,4.277645410819618
2709,4.194976591993767
2710,4.187667222790599
2711,4.1872870463425915
2712,4.18723611535791
2713,4.192467046311993
2714,4.183017383439974
2715,4.3252364226133135
2716,4.188478874183186
2717,4.187173404277888
2718,4.189129293192771
2719,4.192087718092678
2720,4.17552655645792
2721,4.188466216891355
2722,4.191506362916165
2723,4.188982885248599
2724,4.189619601247293
2725,4.190089585721132
2726,4.164877286268014
2727,4.163311889491046
2728,4.189789114278502
2729,4.185098922228814
2730,4.184983728309703
2731,4.182581768529175
2732,4.184942645680737
2733,4.174031700595961
2734,4.187425905211078
2735,4.188017208035745
2736,4.190151022101823
2737,4.1824303304443315
2738,4.185738615875746
2739,4.187462426405153
2740,4.188679245283019
2741,4.193647483761609
2742,3.4943130480999205
2743,4.2465539165876365
2744,4.189728831871283
2745,4.187776486284479
2746,4.18815280502638
2747,4.189498203642278
2748,4.176718947092793
2749,4.187711667873704
2750,4.186687314017543
2751,4.1692901096330885
2752,4.188679245283019
2753,4.193249356089358
2754,4.09756059973684
2755,4.2088931560401335
2756,4.19779247057586
2757,4.177469633950414
2758,4.167468891491239
2759,4.189286062809245
2760,4.010989380804134
2761,4.189037807019989
2762,4.18872418241429
2763,4.1888927892114
2764,4.190402275323671
2765,4.215013564747779
2766,4.188679245283019
2767,4.151302108558532
2768,3.989903461482754
2769,4.1542453126942425
2770,4.1897807888348515
2771,4.190059078012567
2772,4.19261571521027
2773,4.357553425505469
2774,4.183118785801494
2775,4.193683883726152
2776,4.118643676796331
2777,3.81163548279586
2778,4.138202390297326
2779,4.192554633246326
2780,4.1860033036248225
2781,4.15353520840336
2782,4.185635331223486
2783,4.188679245283019
2784,4.184450831230227
2785,4.17334580173085
2786,4.176652216656417
2787,4.193292896723557
2788,4.187343943138146
2789,4.188679245283019
2790,4.169877864050477
2791,4.188748374652432
2792,4.19094304264328
2793,4.187762583790529
2794,4.186164902523107
2795,4.189258119324575
2796,4.187411661189727
2797,4.1888735671491935
2798,4.176470781866799
2799,4.171214641972768
2800,4.055634510004951
2801,4.1728348585321955
2802,4.187030580258565
2803,4.190201099035899
2804,4.188704471015913
2805,4.191158201218188
2806,4.195183319637635
2807,4.21063467545983
2808,4.189370249099653
2809,4.104727777637068
2810,4.1382433101462155
2811,4.345501024474564
2812,4.185735664570922
2813,4.196210351689565
2814,3.9727892499637303
2815,4.18187337621401
2816,4.173745802709609
2817,4.173097713190741
2818,4.1431693028247265
2819,4.186467016646705
2820,4.226440634669001
2821,4.292068979004483
2822,4.188482028243993
2823,4.104189733105601
2824,4.164676119269675
2825,2.904938234833332
2826,4.190876780767033
2827,4.191474536510897
2828,4.197487596482325
2829,4.189542381102112
2830,4.357643924359385
2831,4.441729727342006
2833,4.1666057772551275
2834,4.329381576686984
2835,4.214624459687658
2836,4.188679245283019
2837,4.154871102380397
2839,4.206269850929122
2840,4.188660996565064
2841,4.187570565228319
2842,4.210113902279619
2843,4.162221093052714
2844,4.188679245283019
2845,6.929991986595761
2846,4.192117200800845
2847,4.190295940591524
2848,4.173840216337624
2849,4.147508371119181
2850,4.489488102603785
2851,4.190939272289458
2852,4.187370275564911
2853,4.199692072753685
2854,4.156604361848771
2855,4.0504526567333246
2856,4.1803285470754865
2857,4.188785300110359
2858,4.188707574138966
2859,4.189178601306492
2860,4.188679245283019
2861,4.188082853022665
2862,4.162750655524162
2863,4.188938250140879
2864,4.332411955065377
2865,4.161311202756067
2866,4.190188087384306
2867,4.192191524224649
2868,4.198148104798131
2869,4.135647269327269
2870,4.188429137228464
2871,4.187793872577419
2872,4.188853108512269
2873,4.188704755018324
2874,4.192892363859861
2875,4.2024394922462776
2876,4.18658850288105
2877,4.173545879803497
2878,4.1943688571736475
2879,4.18491828955782
2880,4.188679245283019
2881,4.1898917477814255
2882,4.203409789441169
2883,4.188511675090665
2884,4.149325380315135
2885,4.184420173231674
2886,4.101363932905289
2887,4.050621354775489
2888,4.217277147250547
2889,4.188889767787968
2890,4.188656762001687
2891,4.189665966492701
2892,4.2792028371897715
2893,4.178613776720738
2894,4.229646599222445
2895,4.431159449385237
2896,4.195952297772735
2897,4.116046707480575
2898,4.186015486587609
2899,4.177749812723398
2900,4.190195776251908
2901,4.189336063952668
2902,4.188679245283019
2903,4.18618681895577
2904,4.187051055440553
2905,4.183964858733424
2906,4.196008658080267
2907,4.188603081849553
2908,4.1880648070749205
2909,4.099205561072493
2911,4.191480620475246
2912,4.187472900336014
2913,4.19730590721561
2914,4.438877516769501
2915,4.188849101933141
2916,4.189198224837689
2917,4.188941653731321
2918,4.187991710588317
2919,4.189786024421575
2920,4.182820529262653
2921,4.186539638865247
2922,4.187707180023456
2923,4.174619038069629
2924,4.184025351026499
2925,4.192546243191643
2926,4.187013311268724
2927,4.187075750556187
2928,4.184556855678932
2929,4.18957513167337
2930,4.595049604600523
2931,4.1823598848701655
2932,4.172662258454042
2933,4.232142932298889
2934,4.188679245283019
2935,4.191033001960956
2936,4.188432028467733
2937,4.189936592914122
2938,4.193305698001857
2939,4.193287431809862
2940,4.159599972115033
2941,4.189705081742745
2942,4.18798466337394
2943,4.185314571638053
2944,4.187866220073429
2945,4.177598698489228
2946,4.187746111318604
2947,4.18797814515018
2948,4.1879556648355765
2949,4.18776901257135
2950,4.187878223847232
2951,4.1875894568898815
2952,4.185631467891465
2953,4.172507481702357
2955,3.566187076407804
2956,4.188359658247538
2959,4.188670918501644
2960,4.291836124897782
2961,4.187713845967711
2962,4.182087081303879
2963,4.224912383937816
2964,4.497053364981586
2965,4.164210786664604
2966,4.187259593052343
2967,4.188375031166675
2968,4.188948614904423
2969,4.188302756078675
2970,4.190426821144743
2971,4.189560868515404
2972,4.178833580818698
2973,4.188973933078273
2974,4.1564875659406
2975,4.197571021558584
2976,4.188310470059621
2977,4.202339861839446
2978,4.162498825065874
2979,4.1781877451736325
2981,4.130715187924613
2982,4.151379166474694
2983,4.209282041065149
2984,4.198321006525846
2985,4.1883019991452946
2986,4.191037343570206
2987,4.1882749212049655
2988,4.2032164377915695
2989,4.1874843007144635
2990,4.190219214757733
2991,4.188605258802024
2992,4.233002469598136
2993,4.189144654709511
2994,4.117391950180369
2995,4.193627498959954
2996,4.188552966823783
2997,4.188726541983921
2998,4.109332869544671
2999,3.9773568844383833
3000,4.185331760990563
3001,4.026399545715646
3002,4.233469390123627
3003,4.127952788014134
3004,4.187556469355213
3005,4.190045082288615
3006,4.18868287840805
3007,4.18110747265365
3008,4.156820512701022
3010,4.200871454815682
3011,4.190737916224006
3012,4.1097879507421595
3013,4.161976990701438
3014,4.21391356343514
3015,4.188614199276158
3016,4.1877836650880935
3017,4.181960401191945
3018,4.186648656020074
3019,4.189349166581863
3020,4.190447341624755
3021,4.182778945459801
3022,4.188835201943894
3024,4.195073884696203
3025,4.073648018457192
3026,4.057953474848106
3027,3.6500597764435803
3028,4.186491449017889
3029,4.195390696003771
3030,4.182127174776648
3031,4.208189461780792
3032,4.189974602676757
3033,4.190094948734167
3034,4.182871428994888
3035,4.188757140191284
3036,4.190449107688436
3037,4.1891720082785096
3038,4.191307395659858
3039,4.18802906082274
3040,4.188742194624951
3041,4.142257646653035
3042,4.164518624185872
3043,4.15362105539484
3044,4.188662676284143
3045,4.188239187592987
3046,4.199309849588605
3047,4.233316007696107
3048,4.178301479200826
3049,4.189659585799622
3050,4.528925582419213
3051,4.188625143476811
3052,4.18894885399723
3053,4.193810792455586
3054,4.170792791382995
3055,4.20660582839733
3056,3.9238196470004367
3057,4.1322077480336254
3058,4.252251846313503
3060,4.187461155966302
3061,4.198466482478605
3062,4.189442202827573
3063,4.191305053804028
3064,4.189489291571456
3065,4.927574153192012
3066,4.191674523528366
3067,4.189041570543303
3068,4.188167161868918
3069,4.183875897606261
3070,4.188384719901128
3071,4.1897828988534505
3072,4.188513101558284
3073,4.196013161347368
3074,4.186431604655331
3075,4.177933173520483
3076,4.192753863490671
3077,4.186663769518799
3078,4.188435165125413
3079,4.190659760291283
3081,4.188179004029826
3082,4.188649286340506
3083,4.188980353453781
3084,4.546241476465215
3085,2.3156478752208898
3086,4.1644328920632985
3087,4.188086091231111
3088,4.18970025673041
3089,4.190381199027713
3090,4.184773887769598
3091,4.179997711992468
3092,4.220805222903737
3093,4.190262490130559
3094,4.183907973616687
3095,4.18893389282209
3096,4.185113912067496
3097,4.189278609979953
3098,4.189267103628841
3099,4.189798352028379
3100,4.189134447231057
3101,4.188816023595575
3102,4.1897341577388785
3103,4.1510200347725155
3104,4.187803407323431
3105,4.18911949680386
3106,4.188809067831176
3107,4.190038141314256
3108,4.188824141632769
3109,4.188229892628504
3110,4.202085451058052
3111,4.190874518767185
3112,4.193222266043092
3113,4.191719691709802
3114,4.188681459877592
3115,4.188531208555588
3116,4.245541347621813
3117,4.063413127816956
3118,4.188445668994494
3119,4.9183745721028975
3120,4.186641232850663
3121,4.179288302598926
3122,4.216244151262181
3123,3.882966552785963
3124,4.128382893320794
3125,4.185899861416785
3126,4.281393319088586
3127,4.202234970759854
3128,4.174745561483844
3129,4.186560101830442
3130,4.228555886090219
3131,4.802489930005117
3132,4.1887925459476865
3133,4.182477585180785
3134,4.191118715245725
3135,4.189661136731223
3136,3.896420300628773
3137,4.197989590391393
3138,4.184520174114517
3139,4.221562142079442
3140,4.372836889639473
3141,4.1834353047086905
3142,4.206541210122849
3143,4.179897885142412
3144,4.12271445109377
3145,4.18716604527202
3146,4.173871697476864
3147,4.188672805682942
3148,4.188683972954488
3149,4.350535577462113
3150,4.170688626959147
3151,2.4623961970715107
3152,4.188727433541922
3153,4.187753880070278
3154,4.245306833804317
3155,4.183509317045906
3156,4.1765302709632595
3157,4.1890223137788185
3158,4.193027840803035
3159,4.185306573555599
3160,4.187519724194214
3161,4.189646070483505
3162,4.181297179789724
3163,4.189836210607966
3164,4.264541314248536
3165,4.1877767644781745
3166,3.7626419405606626
3167,4.186406347224433
3168,4.1889739143313705
3169,4.189939231375274
3171,4.153374306979495
3172,4.938679245283019
3173,4.192167730030616
3174,4.188043288045668
3175,4.1886959398358705
3176,4.188288897557347
3177,4.160106585622451
3178,4.191451165106978
3179,4.192642925482355
3180,4.1159660730417205
3181,4.192579921827987
3182,4.192023729466738
3183,4.210973485076932
3184,4.077649406211588
3185,4.187640240854701
3186,4.189143482040491
3187,3.3744561136237223
3188,4.218915340254933
3189,4.187843479756761
3190,4.192623236404567
3192,4.195307469916777
3194,4.1746505636457085
3196,4.1886876995133795
3197,4.191381992156371
3198,4.189509771746505
3199,4.19129415923928
3200,4.187262655588012
3201,4.189021863142287
3202,2.855345911949686
3203,4.187552143852522
3204,4.188635730007594
3205,4.124285586859354
3206,4.186667671743503
3207,4.195438372371574
3208,4.167938833315006
3209,1.7693244065733418
3210,4.189027402520104
3211,4.191813475640008
3212,3.425021085191551
3213,4.185693616622944
3214,4.179592280068762
3215,4.194062475929444
3216,4.136295145169358
3217,4.19648515153006
3218,4.118173632005285
3219,4.191092043833511
3220,3.4943130480999205
3221,4.220444744416396
3222,4.233405232773769
3223,4.181005276945468
3224,4.194125509548708
3225,4.183502636873307
3228,4.1409894056920145
3229,4.636820991177574
3230,4.188573856210704
3232,4.0515814325221395
3233,5.079668787035113
3235,4.167296437968905
3236,5.97697928908119
3237,2.565984209822026
3238,4.1889229829165995
3239,4.208188044619197
3240,4.178567692542527
3241,4.1913509026852696
3242,4.200701746638239
3243,4.185821323242727
3244,4.188543603723673
3245,4.297610299847265
3246,4.187134700244164
3247,4.189544802594813
3248,4.193198570702521
3249,4.190229869074817
3250,4.1830006698803315
3251,4.189687976268549
3252,4.196478067896414
3253,4.1929251694467435
3254,4.186616316801735
3255,4.188081751233875
3256,4.188926949095691
3257,4.181023673798958
3258,4.189420418669914
3259,4.187881713506414
3260,4.187301429181163
3261,4.187847629000705
3262,4.1895843957553645
3263,4.185766766498762
3264,4.185968903688004
3265,4.186897214295911
3266,4.190148805889514
3267,4.18732911387002
3268,4.188498994387376
3269,4.1892795815131665
3270,4.188557286743355
3271,4.189430894050354
3272,4.195568650834921
3273,4.190315551808201
3274,4.188136572006073
3275,4.188858761331282
3276,4.261068696653942
3277,4.212921669525444
3280,
3281,4.176226017569051
3282,4.234940781863301
3283,4.197267509674856
3284,4.160113214581187
3285,4.192502267806196
3286,4.200567762438641
3287,4.186898996534545
3288,3.869673551412766
3289,4.1950357333209
3290,4.443224699828473
3291,5.945623689727464
3292,4.3737222342096524
3293,4.166138532400652
3294,3.611040473888567
3295,3.8522702668439597
3296,4.190109026726483
3297,4.753896636587367
3298,4.188628604060801
3299,4.201966376279287
3300,4.189082669371796
3301,4.190919909699562
3302,4.168657572649381
3303,4.197443679992985
3304,4.237893731565324
3305,4.186703550816697
3306,4.194730003307959
3307,4.18373020812982
3308,4.193276356437823
3309,4.204444677612021
3310,4.194780353811051
3311,4.23088523245318
3312,2.4943130480999205
3313,4.049986776350451
3314,4.026079995566219
3315,2.5370101596516696
3316,4.188576856348653
3317,4.188034566500432
3318,4.185059134523791
3319,4.207353185273943
3320,4.158612645080562
3321,3.4943130480999205
3322,4.408530992531126
3323,3.1159519725557465
3324,4.185194551603229
3325,4.201501153733866
3326,4.190478820557728
3327,4.175459642901633
3328,4.189197799415608
3329,4.165735236987764
3330,4.188842454161313
3331,4.18753991939527
3333,4.134747267525457
3334,4.189448254106762
3335,4.157625132468326
3336,4.146259728851608
3337,4.31839406027325
3338,4.192841905076134
3339,4.212273858346846
3340,4.191494591199124
3341,4.180285222282441
3342,4.187789160629351
3343,4.180404626216703
3344,4.158234144449265
3345,4.186468728016858
3346,4.159597300663346
3347,4.189629988543565
3349,4.251965969648719
3350,4.184488069002896
3351,4.279318689176758
3352,3.955222851305804
3353,4.1566680320158556
3354,4.190762941219602
3355,4.191119835960675
3357,4.190450936948701
3358,4.18788999333624
3359,4.188937499285036
3360,4.190895094316141
3361,4.188211074210229
3362,4.188829772939356
3363,4.188991450613146
3364,4.19044453198445
3365,4.182690266309226
3366,4.188539731861605
3367,4.156986588972056
3368,4.185464101425022
3370,4.191581783692152
3371,4.186117190197243
3372,4.186775296174728
3373,4.600565800785804
3374,4.176281445803243
3375,4.104406990160093
3376,2.855345911949686
3377,4.5549584855124925
3378,4.158721254036686
3379,4.188836321840146
3380,4.347717530267026
3381,4.097551554887012
3382,1.1159519725557465
3384,4.1957605473716635
3385,4.188679245283019
3386,4.190247158272788
3387,4.18705804974816
3388,4.185490060346412
3389,4.20556694544294
3390,4.11955923091133
3391,4.143152357129759
3392,4.1639393796818585
3393,4.193547413339227
3394,4.195919105477748
3395,4.194847002692835
3396,4.188736258276818
3397,4.189684713076061
3398,4.189730043319119
3399,4.198568715431663
3400,4.204697619635538
3401,4.210312990369759
3402,4.190396817722244
3403,4.167116697136865
3404,4.205747888841202
3405,4.188497379678017
3406,4.202434638789979
3407,4.156987780722321
3408,4.1882749029116235
3409,4.1879553042392175
3410,4.206509142279771
3412,4.184256482520245
3413,3.9079993640729116
3414,4.178158327542953
3415,4.354751078430082
3416,4.192237324479238
3417,4.191900445032145
3418,4.188566350494121
3419,4.201174914169482
3420,4.188379195326473
3421,4.188533339521036
3422,4.1877313818870086
3423,4.2192927766466735
3424,4.188001153998094
3425,4.179705706183067
3426,4.163591640528655
3427,4.156221402103318
3428,4.187619016150494
3429,4.18620120047751
3430,4.192516682211501
3431,4.1637042760598595
3432,4.1553635670133
3433,4.212515074138226
3434,4.212541140730099
3435,4.1892681869214154
3436,4.186358987439647
3437,4.046643129026516
3438,4.191077532453857
3439,4.190363505633571
3440,4.188780411108545
3441,4.189847563189933
3442,4.177909972128149
3443,4.177006671641863
3444,4.195062670984499
3445,4.176712880937139
3446,4.2341384183564745
3447,4.178557347307257
3448,4.188960144473567
3449,4.182750443470917
3450,4.182877325209693
3451,4.188555682120722
3452,4.188909415401615
3453,4.1622895851354675
3454,4.1796423660245985
3456,4.190794482431056
3457,4.173634686024372
3458,3.648386204989979
3459,4.190206140766156
3460,6.519914493119368
3461,4.1868901871603015
3462,4.183990153609186
3463,4.166743196387478
3464,4.401647845653655
3465,4.355417707885601
3466,4.188658962251183
3467,4.188690306894614
3468,4.188687286142445
3469,4.188694756441278
3470,4.189158491620095
3471,4.188765506409882
3472,3.018068180169859
3473,4.2131574614204705
3474,4.105096048672427
3475,4.181916598673525
3476,4.188277303109109
3477,4.189266822648902
3478,4.188524598489087
3479,4.187817809984091
3480,4.188351722657848
3481,4.188852595134189
3482,4.213885476419454
3483,4.184538989755986
3484,4.188310841026029
3485,4.176825697013039
3486,4.430394401397808
3487,4.18661768148885
3488,4.0744608145278685
3489,4.188039688065937
3490,4.1902904272994315
3491,4.181552647705784
3492,3.9942386900100217
3493,5.001917645702159
3494,4.180712266854153
3495,4.293932229662256
3496,4.19398510094377
3497,4.185343357332978
3498,4.186747049774051
3499,4.1880178768918155
3500,4.189794923610768
3501,4.18970678525549
3502,4.1930127362462715
3503,4.186746431454654
3504,4.188872508753448
3505,4.189088157815766
3506,4.188421968909296
3507,4.189451533037535
3508,4.188656203946434
3509,4.190534832256092
3510,4.190388343133497
3511,4.162293631142682
3512,4.18584746168543
3513,4.1880607180952545
3514,4.188679245283019
3515,4.185080286455121
3516,4.189628294629834
3517,5.187440175564852
3518,4.193437509901042
3519,4.211269187118582
3520,4.162145651543289
3521,4.191142090318283
3522,4.619861484584722
3523,4.331374161212924
3524,4.187099905082484
3525,4.189843728535858
3526,4.188684565520238
3527,4.1888766215200475
3528,4.213258623393625
3529,4.188592071053387
3530,4.15117924528302
3531,4.191731965928579
3532,4.154542928468546
3533,4.168417402343304
3534,4.1889332114554545
3535,4.187883917690392
3536,4.188600940932828
3537,4.186913547377943
3538,4.186956436046409
3539,4.264359742976494
3540,4.188173425750372
3542,3.106745767723788
3543,4.188815225865031
3544,4.190982213908152
3545,4.1887555712941165
3546,4.185477306224059
3547,4.190458288596636
3548,4.188800549775425
3549,4.188819100547178
3550,4.180186607862245
3551,4.187078240050536
3552,4.188162595112327
3553,4.146170769734557
3554,4.18751379483865
3555,4.190164863400027
3556,4.189771681172371
3557,4.189958720179351
3559,4.2674204183678786
3562,4.14382391785191
3563,4.206115632144464
3564,4.189720615484685
3565,4.188698752726888
3566,4.189500564194823
3567,4.182095515665475
3568,4.1909285028267265
3569,4.187664705784871
3570,4.406787770837168
3571,4.193612972976177
3572,4.200203571041841
3573,4.244394753796577
3574,4.288824595292851
3575,4.1915519750889585
3576,4.189490847242175
3577,4.127016637470965
3578,4.188484161271111
3579,4.181978989583337
3580,4.200413607389799
3581,4.173634228430552
3584,4.189679482889312
3585,4.18187753531002
3586,4.186068788153173
3587,4.1200925791559975
3588,4.190441609433666
3590,4.190239243824701
3591,4.188653609826432
3592,4.19001851646942
3593,4.1824912449793645
3594,4.179532139685001
3595,4.0829002924185325
3596,4.148986336443092
3597,4.298034774500956
3598,4.179725818853034
3599,4.185229108457581
3600,4.2048264614623845
3601,4.215881756597207
3602,4.19374678667567
3603,5.015350014982113
3604,4.1885255868228075
3605,4.19371455290114
3606,4.188586794969816
3607,3.201024924295365
3608,4.188875322472754
3609,4.384403894702336
3610,4.146044448850879
3611,4.005870591968914
3612,4.198047207649764
3613,4.190530625377641
3614,4.188013071670497
3615,4.190191407956089
3616,4.161276837216192
3617,4.186791827870709
3618,4.188583986107301
3619,4.181956719319478
3620,4.199236979404344
3621,4.79781692022859
3622,4.19352373494805
3623,4.188388699914781
3624,4.188637576671359
3625,4.090198137607428
3626,4.181091801685844
3627,4.1862956608945865
3628,4.187684802585175
3629,4.1903502333294735
3631,3.8173170628609037
3632,4.1743157575148135
3633,4.18802311819803
3634,4.196880332413327
3635,4.188600339004784
3636,3.895655658039675
3637,4.175323667440145
3638,4.188293193443764
3639,4.188172574819455
3640,4.336352990986552
3641,4.0858012406432564
3642,4.102815141059527
3643,4.189767495510329
3644,4.149756401784998
3645,4.1101957722791
3646,4.2014909523234545
3647,
3648,4.148703024099842
3649,4.187952486440851
3651,4.138336362576548
3652,4.698315057353645
3653,4.189326722859277
3654,4.191294190854947
3655,4.18496911714487
3656,3.3136792452830193
3657,4.1179724904168955
3658,4.173228012004017
3659,4.176319669756983
3660,4.1851848883723
3661,4.172820543679948
3662,4.171862545847749
3663,4.211263534010619
3664,4.213482540757354
3665,4.154609029664841
3666,4.409037316705548
3667,4.050868022369402
3668,4.188556508662582
3669,4.161754525677525
3670,4.179308650289837
3671,4.188792708337531
3672,4.1897814562738676
3673,4.23539362630531
3674,4.066024897120725
3675,4.191699239304113
3676,4.187163496271229
3677,4.19886646653673
3678,4.179531371271586
3679,4.189621885255017
3680,4.182069932318904
3681,4.188571431303431
3682,4.190443091953312
3683,4.188875068007761
3684,4.188560552898633
3685,4.1889955642894705
3686,4.192064217189928
3687,4.912592321941386
3688,4.189912679140639
3689,4.176332547392775
3690,4.17437070686356
3691,4.1903250432442
3692,4.150499772719179
3693,4.191226781523925
3694,4.187003234075854
3695,4.183694861792478
3696,4.190351950839992
3697,4.186597495232118
3698,4.187383872082213
3699,4.188633479372662
3700,4.1881671365407644
3701,4.188138142494191
3702,4.188573255664057
3703,4.188794231977057
3704,4.180376230375429
3705,4.189958242310145
3706,4.189680036031355
3707,4.190894030557472
3708,4.186493975855915
3709,4.18162299978066
3710,4.1566246227501615
3711,4.193745268752032
3712,4.188558599885202
3713,4.203169637169318
3714,4.190587342756291
3715,4.1907631207381195
3716,4.191601298175116
3717,4.188494077833588
3718,4.160002985176236
3719,4.191445127914723
3720,4.21006834170923
3721,4.188679245283019
3722,2.041173822289527
3723,4.1876869488225665
3724,4.196336876730553
3725,4.182167110960846
3726,4.190561692052075
3727,4.1902870877806615
3728,4.22232764729196
3729,4.188125904902539
3730,4.19194537499252
3731,4.186863637044141
3732,4.169600802754188
3733,4.188274163197301
3734,4.173887871208014
3735,4.188907337051544
3736,4.190261758548773
3737,4.189480580610646
3738,4.191159554954303
3739,4.190057004187633
3740,4.188804191431565
3741,4.194219024141974
3742,4.18938666971897
3743,4.192260107729523
3744,4.1886040132744915
3745,4.189315640738834
3746,4.188245195751137
3747,4.189958446314821
3748,4.188679245283019
3749,4.173521382573803
3751,4.188765093746273
3752,4.187382674106812
3753,4.187407879451422
3754,4.186628550049056
3755,4.18778093360717
3756,4.186494779649103
3757,4.078702358694316
3758,4.183373664546002
3759,4.178618587033123
3760,4.18951534513232
3761,4.2443894507841256
3762,4.188679245283019
3763,4.188625047445553
3764,4.186528004035029
3765,4.124529136360963
3766,4.1796450003728856
3767,4.192703828354835
3768,4.194171727375723
3769,4.188502039461908
3770,4.188865341581692
3771,4.185068688368727
3772,3.7993584102952322
3773,4.190642806016615
3774,4.183167750533466
3775,4.1643880968554345
3776,4.184536833489402
3777,4.217702254847847
3778,4.291081537589024
3779,3.213679245283019
3780,4.197110658734357
3781,4.157902845325105
3782,4.153554166855442
3783,4.189307741794142
3784,4.184556414971217
3785,4.189161853883344
3786,4.19160022043863
3787,4.192599441010671
3788,4.187463542359047
3789,4.197072323131838
3790,4.187123130394026
3791,4.189038895833081
3792,4.18328297536499
3793,4.188763904844235
3794,4.183499150559541
3795,4.188176510537632
3796,4.18401891875453
3797,4.190707213610907
3798,4.188611891260732
3799,4.185313784564629
3800,5.267569268363985
3801,4.189902814527383
3802,4.187949215033431
3803,4.171438830656905
3804,4.236977691760482
3805,4.137976137892667
3806,4.192594139760019
3807,4.18400468456247
3808,4.21848429413674
3809,4.188535087484449
3810,4.2092625147054425
3811,4.192743823890365
3812,4.190325844839994
3813,4.187375330916772
3814,4.184889080769192
3816,4.195956905323799
3817,4.187912681150933
3818,4.179571905194694
3819,4.190391955058189
3820,4.1718940968909
3821,4.1882894435468065
3822,4.18817910410359
3823,4.174976900059877
3824,4.191325469323647
3825,4.170012718449146
3826,4.189868383273217
3827,4.188795945764287
3828,4.023749727128555
3830,4.183275893035477
3831,4.186211317455871
3832,4.18796924054551
3833,4.198448618474221
3834,4.189543930092753
3835,4.18954590859078
3836,4.18840320321892
3837,4.185778103141448
3838,4.186298633354626
3839,4.196568657153845
3840,4.1836933434048325
3841,4.178842636935989
3842,3.8728897715988087
3843,4.107412258242111
3844,4.18859453231494
3845,4.166076213426276
3846,4.184269450659895
3847,4.258889660052754
3848,4.073993478450443
3849,4.182480524342348
3850,4.107417430271643
3851,4.16276450861604
3852,4.184033771183018
3853,4.154408562288656
3854,4.1779125001343855
3855,4.194257911130814
3857,4.179143291261849
3858,4.205232065927727
3859,4.18677336518355
3860,4.180310728395578
3861,4.186936527097695
3862,4.134882101121196
3863,4.188387394134288
3864,4.181260374678025
3865,4.186881906156185
3866,4.079852194317789
3867,4.286709642197429
3868,4.187667317184254
3869,4.188129952744665
3870,4.200063906443832
3871,4.193605326947355
3872,4.1824957524251145
3873,4.193972709373279
3874,4.188498906300083
3875,4.496654985518218
3876,3.9794875972323944
3877,4.19100974983903
3878,4.128856560976751
3879,4.194101356440741
3880,4.190702943313981
3881,5.094929245283019
3882,4.189326277156243
3883,4.177342786054315
3884,4.178027098645858
3885,4.193293054372683
3886,4.176630566532064
3887,4.226819451663764
3888,3.5341386195771176
3889,4.187159582296305
3890,4.283018867924529
3891,4.146189211788376
3892,4.188388567410909
3893,4.185314689271605
3894,4.195104234585892
3895,4.208426259481604
3896,4.18855563393901
3897,4.189650273073926
3898,4.119233956433025
3899,3.715254649969424
3900,4.267993991281555
3901,4.191910898249976
3902,4.18052125974882
3903,4.166959239396409
3904,5.977411639649216
3905,3.9899710519516876
3906,4.205561124212903
3908,4.1934016402127465
3909,4.185575016274918
3910,4.188512890503201
3911,4.18919336332733
3912,4.189094907150696
3913,4.183391151447262
3914,4.183449007283328
3915,4.186793827326725
3916,4.190292656917723
3917,4.18857749122047
3918,4.194124036119024
3919,4.1926217931077385
3920,4.192226080823596
3921,4.196451864920989
3922,4.199545051214407
3923,4.179198458960239
3924,4.145631517476694
3925,4.190495295045691
3926,4.186114815721668
3927,4.18941338635761
3928,4.185853031076553
3929,4.184107393490323
3930,4.186448555107263
3931,4.214504394213629
3932,4.188264592094297
3933,4.21649719995431
3934,4.143996332770884
3935,4.162521605657409
3936,4.179593809753058
3937,4.184143144145807
3938,4.225633120873714
3939,4.231653969270036
3940,4.249909675848833
3941,4.238024246474093
3942,4.223057396689349
3943,4.186364589952398
3944,3.9371990582647984
3945,4.081640625297206
3946,4.191292631970925
3947,4.184265214909057
3948,4.188832503276005
3949,4.19218079135765
3950,4.240863279207281
3951,4.188993224958611
3952,4.19097232875366
